algo,supercomputer,supercomputer_7
OLS Regression,2.28423309326172,3.80795741081238
Elastic Net,4.0037522315979,2.07549476623535
Random Forest,19.3305196762085,13.4873490333557
